0,0,0,0,0,0,0,0,0,0,0,0,0,0,0,0,0,0,0,,,,,,,,,,,,,
1000,フォウフォウフォーウ!!!!!マーリンシスベシフォーウ!,SSS,対マーリン宝具,B,マーリン全体に超強力な防御力無視攻撃,14259,14259,14259,14259,14259,味方のHP&ATK増やす,10,30,50,20,2000,味方単体の弱体状態を解除,,,,,,,,,,,,,,
1,いまは遥か理想の城ロード・キャメロット,B+++,対悪宝具,A,味方全体にダメージカット状態を付与(3T),100,550,775,888,1000,味方全体の防御力アップ(3T),30,35,40,45,50,自身を除く味方全体の攻撃力アップ(3T),30,0,0,,,,,,,,,,,
2,約束された勝利の剣エクスカリバー,A++,対城宝具,B,敵全体に強力な攻撃,400,500,550,575,600,自身のNPをリチャージ,20,27.5,35,42.5,50,,,2,500,,,,,,,,,,,
3,約束された勝利の剣エクスカリバー・モルガン,A++,対城宝具,B,敵全体にとても強力な攻撃,450,550,600,625,650,自身のNPをリチャージ,10,15,20,25,30,,,2,650,,,,,,,,,,,
4,勝利すべき黄金の剣カリバーン,B,対人宝具,B,敵全体に強力な攻撃,300,450,525,562.5,600,自身のHPを大回復,1000,2000,3000,4000,5000,,,2,600,,,,,,,,,,,
5,童女謳う華の帝政ラウス・セント・クラウディウス,B,対陣宝具,A,敵全体に強力な防御力無視攻撃,600,750,825,863,900,敵全体に防御力ダウン(1T),20,25,30,35,40,,,2,900,,,,,,,,,,,
6,幻想大剣・天魔失墜バルムンク,EX,対軍宝具,B,敵全体に強力な攻撃,400,500,550,575,600,〔竜〕特攻,150,162.5,175,187.5,200,自身のNP獲得量をアップ（3T）,20,2,600,,,,,,,,,,,
7,黄の死クロケア・モース,B+,対人宝具,Q,敵単体に超強力な攻撃,1200,1600,1800,1900,2000,スター獲得,5,10,15,20,25,,,1,2000,,,,,,,,,,,
8,軍神の剣フォトン・レイ,A,対軍宝具,B,敵全体に強力な攻撃,400,500,550,575,600,敵全体の防御力ダウン（3ターン）,20,25,30,35,40,,,2,500,,,,,,,,,,,
9,神聖たる旗に集いて吼えよセイント・ウォーオーダー,B,対人宝具,A,自身の攻撃力大アップ(2T),50,75,87.5,93.8,100,スター獲得,5,10,15,20,25,防御力大ダウン(3T)【デメリット】,50,0,0,,,,,,,,,,,
10,百合の花咲く豪華絢爛フルール・ド・リス,C+,対軍宝具,A,敵全体に攻撃力ダウン(3T)＆防御力ダウン(3T),10,20,25,27.5,30,敵全体に確率で魅了付与(1T)[発動率],30,40,50,60,70,,,0,0,,,,,,,,,,,
11,無限の剣製アンリミテッドブレイドワークス,E～A,？？？？,B,敵全体に強力な防御力無視攻撃,400,500,550,575,600,攻撃力ダウン(3T),10,15,20,25,30,,,2,600,,,,,,,,,,,
12,天地乖離す開闢の星エヌマ・エリシュ,EX,対界宝具,B,敵全体に強力な攻撃,400,500,550,575,600,〔サーヴァント〕特攻,150,162.5,175,187.5,200,自身の宝具威力をアップ(1T),30,2,500,,,,,,,,,,,
13,祈りの弓イー・バウ,D,対人宝具,A,敵単体に超強力な攻撃,900,1200,1350,1425,1500,[毒]特攻,200,212.5,225,237.5,250,,,1,1500,,,,,,,,,,,
14,訴状の矢文ポイボス・カタストロフェ,B+,対軍宝具,Q,敵全体に強力な攻撃,800,1000,1100,1150,1200,スター獲得,15,20,25,30,35,,,2,1200,,,,,,,,,,,
15,女神の視線アイ・オブ・ザ・エウリュアレ,B,対人宝具,A,敵単体に超強力な〔男性〕特攻攻撃,1200&150,1200&200,1200&225,1200&237.5,1200&250,高確率で魅了付与〔男性限定〕(1T)[発動率],100,125,150,175,200,攻撃力ダウン（3T）,20,1,1200,,,,,,,,,,,
16,流星一条ステラ,A,対軍宝具,B,敵全体に超強力な攻撃,800,1000,1100,1150,1200,威力アップ,0,200,400,600,800,自身に即死効果【デメリット】,,2,1200,,,,,,,,,,,
17,刺し穿つ死棘の槍ゲイ・ボルク,B,対人宝具,Q,敵単体に超強力な攻撃,1200,1600,1800,1900,2000,防御力ダウン(3T)&中確率で即死効果[発動率],10&50,15&62.5,20&75,25&87.5,30&100,,,1,2000,,,,,,,,,,,
18,鮮血魔嬢バートリ・エルジェーベト,E-,対人宝具,B,敵全体に強力な防御力無視攻撃,300,400,450,475,500,敵全体に呪い付与（3T）,500,1000,1500,2000,2500,,,2,500,,,,,,,,,,,
19,五百羅漢補陀落渡海ごひゃくらかんふだらくとかい,EX,対軍宝具,A,敵全体に確率でスタン付与,50,65,72.5,76.3,80,敵全体に呪い付与（3T）,500,1000,1500,2000,2500,,,0,0,,,,,,,,,,,
20,穿ちの朱槍ゲイ・ボルク,B,対人宝具,Q,敵単体に超強力な攻撃,1200,1600,1800,1900,2000,防御力ダウン(3T)&中確率で即死効果[発動率],10&50,15&62.5,20&75,25&87.5,30&100,,,1,2000,,,,,,,,,,,
21,炎門の守護者テルモピュライ・エノモタイア,B,対軍宝具,B,スター獲得,5,15,20,23,25,自身の防御力大アップ(3T)＆ターゲット集中状態を付与(3T),30&10,35&20,40&30,45&40,50&50,,,0,0,,,,,,,,,,,
22,すべては我が槍に通ずるマグナ・ウォルイッセ・マグヌム,A++,対軍宝具,B,敵全体に強力な攻撃,300,400,450,475,500,味方全体の攻撃力アップ(3T),10,15,20,25,30,,,2,500,,,,,,,,,,,
23,騎英の手綱ベルレフォーン,A+,対軍宝具,Q,敵全体に強力な攻撃,600,800,900,950,1000,味方全体のスター発生アップ(3T),20,30,40,50,60,,,2,1000,,,,,,,,,,,
24,力屠る祝福の剣アスカロン,B,対人宝具,A,敵単体に超強力な攻撃,900,1200,1350,1425,1500,自身の防御力大アップ(1T),20,25,30,35,40,[竜]特性を付与,,1,1500,,,,,,,,,,,
25,アン女王の復讐クイーンアンズ・リベンジ,C++,対軍宝具,B,敵全体に強力な攻撃,300,400,450,475,500,低確率でチャージ減少[発動率],30,40,50,60,70,スター獲得,5,2,50,,,,,,,,,,,
26,約束されざる守護の車輪チャリオット・オブ・ブディカ,B++,対軍宝具,A,味方全体の防御力アップ(3T),10,15,17.5,18.8,20,味方全体の防御力大アップ(1T)攻撃力アップ(3T),20&20,25&25,30&30,35&35,40&40,,,0,0,,,,,,,,,,,
27,壇ノ浦・八艘跳だんのうら・はっそうとび,C,対人奥義,Q,敵単体に超強力な攻撃,1600,2000,2200,2300,2400,自身のスター発生アップ大(3T),50,60,70,80,90,,,1,2400,,,,,,,,,,,
28,始まりの蹂躙制覇ブケファラス,B++,対軍宝具,Q,敵全体に強力な攻撃,800,1000,1100,1150,1200,スター獲得,15,20,25,30,35,,,2,1200,,,,,,,,,,,
29,百合の王冠に栄光あれギロチン・ブレイカー,A,対軍宝具,Q,敵全体に強力な攻撃,600,800,900,950,1000,味方全体のHPを回復,500,1000,1500,2000,2500,弱体解除,,2,1000,,,,,,,,,,,
30,愛知らぬ哀しき竜よタラスク,A+,対軍宝具,B,敵全体に強力な攻撃,300,400,450,475,500,敵全体の防御力ダウン（3ターン）,20,25,30,35,40,,,2,500,,,,,,,,,,,
31,破戒すべき全ての符ルールブレイカー,C+,対魔術宝具,A,敵単体に強力な攻撃,600,750,825,862.5,900,自身のNPをリチャージ,20,40,60,80,100,強化全解除,,1,900,,,,,,,,,,,
32,螺湮城教本プレラーティーズ・スペルブック,A+,対軍宝具,B,敵全体に強力な攻撃,300,400,450,475,500,攻撃力ダウン(3T),20,25,30,35,40,,,2,500,,,,,,,,,,,
33,貴方のための物語メルヒェン・マイネスレーベンス,C+,対人宝具,A,味方全体にランダムで攻撃力アップ&防御力アップ&スター発生アップ&毎ターンHP回復付与(各3T)[発動率],60,70,75,77.5,80,味方全体にランダムで攻撃力アップ&防御力アップ&スター発生アップ&毎ターンHP回復付与(各3T),20&1000,25&1500,30&2000,35&2500,40&3000,,,0,0,,,,,,,,,,,
34,開演の刻は来たれり、此処に万雷の喝采をファースト・フォリオ,B+,対人宝具,B,敵全体に強力な攻撃,400,500,550,575,600,低確率でスタン付与[発動率],40,50,60,70,80,,,2,600,,,,,,,,,,,
35,微睡む爆弾チクタク・ボム,A+,対軍宝具,B,敵全体に強力な防御力無視攻撃,400,500,550,575,600,高確率で呪い付与(3T)[発動率],500&100,1000&100,1500&100,2000&100,2500&100,,,2,600,,,,,,,,,,,
36,死神のための葬送曲レクイエム・フォー・デス,B,対軍宝具,A,敵全体にランダムで攻撃力ダウン＆防御力ダウン＆呪い付与(各3T)[発動率],60,70,75,77.5,80,敵全体にランダムで攻撃力ダウン＆防御力ダウン[効果]＆呪い付与(各3T)[効果],20&500,25&1000,30&1500,35&2000,40&2500,,,0,0,,,,,,,,,,,
37,石兵八陣かえらずのじん,C,対軍宝具,A,敵全体に防御力ダウン(3T),30,40,45,47.5,50,中確率でスタン付与[発動率],50,57.5,65,72.5,80,チャージ減少&呪い付与(6T),1000,0,0,,,,,,,,,,,
38,灼き尽くす炎の檻ウィッカーマン,B,対軍宝具,B,敵全体に強力な攻撃,300,400,450,475,500,防御ダウン(3T)&やけど付与(3T),10&300,15&600,20&900,25&1200,30&1500,,,2,500,,,,,,,,,,,
39,燕返しつばめがえし,－,対人魔剣,Q,敵単体に超強力な攻撃,1200,1600,1800,1900,2000,スター獲得,15,20,25,30,35,,,1,2000,,,,,,,,,,,
40,妄想心音ザバーニーヤ,C,対人宝具,Q,敵単体に超強力な攻撃,1200,1600,1800,1900,2000,高確率で即死効果[発動率],80,90,100,110,120,,,1,2000,,,,,,,,,,,
41,女神の微笑スマイル・オブ・ザ・ステンノ,B,対人宝具,B,敵単体に高確率で即死効果(男性限定)[発動率],100,125,138,144,150,魅了付与(男性限定),100,125,150,175,200,防御力ダウン(3T),20,0,0,,,,,,,,,,,
42,不還匕首ただ、あやめるのみ,B+,対人宝具,Q,敵単体に超強力な攻撃,1600,2000,2200,2300,2400,中確率で即死効果[発動率]&スター大量獲得,50&20,62.5&25,75&30,87.6&35,100&40,自身のHPを減らす【デメリット】,1000,1,2400,,,,,,,,,,,
43,死は明日への希望なりラモール・エスポワール,A+,対人宝具,B,敵単体に超強力な攻撃,800,1000,1100,1150,1200,低確率で即死効果[発動率]&防御力ダウン(3T),30&30,42.5&35,55&40,67.5&45,80&50,,,1,1200,,,,,,,,,,,
44,地獄にこそ響け我が愛の唄クリスティーヌ・クリスティーヌ,B+,対軍宝具,A,敵全体に強力な防御力無視攻撃,600,750,825,862,900,弱体耐性ダウン(3T),50,62.5,75,87.5,100,,,2,900,,,,,,,,,,,
45,陽の眼を持つ女マタ・ハリ,A,対軍宝具,A,敵全体に中確率で魅了付与(1T)[発動率],40,50,55,57.5,60,攻撃力ダウン大(1T)&防御力ダウン大(1T),20,25,30,35,40,,,0,0,,,,,,,,,,,
46,幻想の鉄処女ファントム・メイデン,C,対人宝具,B,敵単体に超強力な攻撃,600,800,900,950,1000,〔女性〕特攻,120,133,145,158,170,自身のHP大回復&攻撃力アップ(3T),2000&20,1,1000,,,,,,,,,,,
47,射殺す百頭ナインライブズ,C～A+,不明,B,敵単体に超強力な攻撃,600,800,900,950,1000,防御力ダウン(3T),10,15,20,25,30,,,1,1000,,,,,,,,,,,
48,騎士は徒手にて死せずナイト・オブ・オーナー,A,対人宝具,Q,敵全体に強力な攻撃,600,800,900,950,1000,自身の攻撃力をアップ(3T),10,15,20,25,30,,,2,1000,,,,,,,,,,,
49,軍神五兵ゴッドフォース,A,対人/対軍対城宝具,B,敵単体に超強力な防御力無視攻撃,600,800,900,950,1000,低確率でスタン付与[発動率],30,40,50,60,70,,,1,1000,,,,,,,,,,,
50,疵獣の咆吼クライング・ウォーモンガー,A+,対人宝具,B,敵全体に強力な防御力無視攻撃,400,500,550,575,600,自身のHPを大回復,4000,5000,6000,7000,8000,,,2,600,,,,,,,,,,,
51,黄金衝撃ゴールデンスパーク,C-,対人宝具,B,敵単体に超強力な防御力無視攻撃,600,800,900,950,1000,中確率でスタン付与[発動率],50,62.5,75,87.5,100,,,1,800,,,,,,,,,,,
52,血塗れ王鬼カズィクル・ベイ,C+,対人宝具,A,敵単体に超強力な攻撃,900,1200,1350,1425,1500,スター獲得,20,25,30,35,40,,,1,1200,,,,,,,,,,,
53,万古不易の迷宮ケイオス・ラビュリントス,EX,迷宮宝具,A,攻撃力ダウン/全体/(6T),10,15,17.5,18.8,20,防御力ダウン(6T),10,15,20,25,30,攻撃力ダウン大(1T)&防御力ダウン大(1T),40&40,0,0,,,,,,,,,,,
54,我が心を喰らえ、月の光フルクティクルス・ディアーナ,C,対軍宝具,A,敵全体に高確率でスキル封印状態付与(3T)[発動率],100,125,138,144,150,高確率で宝具封印状態付与(3T)[発動率],70,75,80,85,90,,,0,0,,,,,,,,,,,
55,不死の一万騎兵アタナトイ・テン・サウザンド,A+,対軍宝具,B,敵全体に強力な攻撃,400,500,550,575,600,攻撃力ダウン（3T）&防御力ダウン（3T）,10,15,20,25,30,,,2,600,,,,,,,,,,,
56,転身火生三昧てんしんかしょうざんまい,EX,対人宝具,B,敵全体に強力な攻撃,300,400,450,475,500,低確率でスタン状態を付与[発動率]＆やけど状態を付与(10T),50&500,57.5&600,65&700,72.5&800,80&900,,,2,500,,,,,,,,,,,
57,血塗れの戴冠式ブラッドバス・クラウン,B,対人宝具,B,敵全体に強力な攻撃,300,400,450,475,500,自身の攻撃力を大アップ(1T),30,35,40,45,50,自身のHP減少【デメリット】,1000,2,500,,,,,,,,,,,
58,燦々日光午睡宮酒池肉林さんさんにっこうひるやすみしゅちにくりん,D+,対人宝具,Q,敵全体に強力な攻撃,800,1000,1100,1150,1200,自身に毎ターンHP回復付与（3T）,3000,4000,5000,6000,7000,スタン付与（2T）【デメリット】,,2,1200,,,,,,,,,,,
59,我が神はここにありてリュミノジテ・エテルネッル,A,結界宝具,A,味方全体の防御力アップ(3T),5,15,20,22.5,25,毎ターンHP回復付与(2T),1000,1500,2000,2500,3000,味方全体に無敵付与(1T)&弱体状態を解除,,0,0,,,,,,,,,,,
60,月女神の愛矢恋矢トライスター・アモーレ・ミオ,A+,対人宝具,A,敵単体に超強力な攻撃,1200,1500,1650,1725,1800,チャージを減らす[発動率]&クリティカル発生率ダウン(3T),100&20,100&30,100&40,100&50,100&60,攻撃力ダウン大(3T),20,1,1500,,,,,,,,,,,
61,鮮血特上魔嬢バートリ・ハロウィン・エルジェーベト,E-,対人宝具,B,敵全体に強力な防御力無視攻撃,300,400,450,475,500,敵全体に呪い付与（3T）,500,1000,1500,2000,2500,,,2,500,,,,,,,,,,,
62,水天日光天照八野鎮石すいてんにっこうあまてらすやのしずいし,D,対軍宝具,A,味方全体のHPを回復,2000,2500,2750,2875,3000,NPを増やす,25,31.3,37.5,43.8,50,スキルチャージを1進める,,0,0,,,,,,,,,,,
63,五つの石ハメシュ・アヴァニム,C-,対人宝具,B,敵単体に超強力な攻撃,600,800,900,950,1000,高確率でスキル封印（1T）[発動率],100,125,150,175,200,自身に必中付与（1T）,,1,1000,,,,,,,,,,,
64,不毀の極槍ドゥリンダナ,A,対軍宝具,B,敵全体に強力な防御力無視攻撃,400,500,550,575,600,敵全体の防御力ダウン（3ターン）,20,25,30,35,40,,,2,600,,,,,,,,,,,
65,黄金鹿と嵐の夜ゴールデン・ワイルドハント,A+,対軍宝具,B,敵全体に強力な攻撃,400,500,550,575,600,スター獲得,20,25,30,35,40,,,2,500,,,,,,,,,,,
66,比翼にして連理カリビアン・フリーバード,C++,対人宝具,Q,敵単体に超強力な攻撃,1600,2000,2200,2300,2400,敵単体に自身のHPが少ないほど威力の高い超強力な攻撃[倍率*（1-HP/MAXHP)],1200,1400,1600,1800,2000,,,1,2400,,,,,,,,,,,
67,修補すべき全ての疵ペインブレイカー,C,対魔術宝具,A,味方全体のHP大回復,4000,5000,5500,5750,6000,弱体耐性大アップ(3T),40,60,80,100,120,弱体状態を解除,,0,0,,,,,,,,,,,
68,無明三段突きむみょうさんだんづき,－,対人魔剣,Q,敵単体に超強力な防御力無視攻撃,1200,1600,1800,1900,2000,防御力ダウン大（3T）,30,35,40,45,50,,,1,1600,,,,,,,,,,,
69,三千世界さんだんうち,E～A,対軍宝具,B,敵全体に強力な攻撃,300,400,450,475,500,騎乗スキル〕特攻,150,162.5,175,187.5,200,,,2,500,,,,,,,,,,,
70,貫き穿つ死翔の槍ゲイ・ボルク・オルタナティブ,B+,対人宝具,Q,敵単体に超強力な攻撃,1600,2000,2200,2300,2400,中確率で即死,60,70,80,90,100,敵単体にスタン付与,,1,2000,,,,,,,,,,,
71,破魔の紅薔薇、必滅の黄薔薇ゲイ・ジャルグ＆ゲイ・ボウ,B+,対人宝具,Q,敵単体に超強力な攻撃,1600,2000,2200,2300,2400,呪い付与(5T),500,750,1000,1250,1500,強化解除,,1,2400,,,,,,,,,,,
72,虹霓剣カラドボルグ,A+,対軍宝具,B,敵全体に強力な攻撃,400,500,550,575,600,弱体耐性ダウン(3T),20,30,40,50,60,防御力ダウン(3T),20,2,600,,,,,,,,,,,
73,約束された勝利の剣エクスカリバー・モルガン,A++,対城宝具,B,敵全体にとても強力な攻撃,450,550,600,625,650,自身のNPをリチャージ,10,15,20,25,30,,,2,650,,,,,,,,,,,
74,誰かの為の物語ナーサリー・ライム,C,対人宝具,A,敵全体に強力な攻撃,600,750,825,862.5,900,確率で宝具チャージ減少[発動率],60,70,80,90,100,防御力ダウン（3T）,20,2,900,,,,,,,,,,,
75,解体聖母マリア・ザ・リッパー,D+,対人宝具,Q,敵単体に超強力な防御力無視攻撃,1400,1800,2000,2100,2200,〔女性〕特攻付与(1T),50,62.5,75,87.5,100,,,1,1800,,,,,,,,,,,
76,我が麗しき父への叛逆クラレント・ブラッドアーサー,A+,対軍宝具,B,敵全体に強力な攻撃,400,500,550,575,600,〔アーサー〕特攻&自身のNPを少し増やす,180&20,190&25,200&30,210&35,220&40,,,2,500,,,,,,,,,,,
77,人類神話・雷電降臨システム・ケラウノス,EX,対城宝具,B,敵全体に強力な攻撃,400,500,550,575,600,〔天または地の力を持つサーヴァント〕特攻,150,162.5,175,187.5,200,中確率でスタン状態を付与(1T)[発動率]&自身のHPが減少【デメリット】,40&500,2,500,,,,,,,,,,,
78,最果てにて輝ける槍ロンゴミニアド,EX,対城宝具,B,敵全体に強力な防御力無視攻撃,400,500,550,575,600,呪いを付与(5T),1000,1500,2000,2500,3000,中確率で宝具封印状態を付与(1T)[発動率],60,2,600,,,,,,,,,,,
79,元素使いの魔剣ソード・オブ・パラケルスス,A+,対軍宝具,A,敵全体にやや強力な攻撃,400,500,550,575,600,攻撃力をダウン(3T),10,15,20,25,30,,,2,600,,,,,,,,,,,
80,絢爛なりし灰燼世界ディメンジョン・オブ・スチーム,EX,対軍宝具,B,敵全体に強力な攻撃,400,500,550,575,600,敵全体の防御力ダウン（3ターン）,10,12.5,15,17.5,20,,,2,600,,,,,,,,,,,
81,密やかなる罪の遊戯デンジャラス・ゲーム,C+,対人宝具,B,最大HPアップ/自身,3000,4500,5250,5625,6000,Busterカード性能アップ(永続),40,50,60,70,80,,〔ハイド化〕&HP全回復/自身,0,0,,,,,,,,,,,
82,磔刑の雷樹ブラステッド・ツリー,D~B+,対軍宝具,Q,敵全体にかなり強力な攻撃,900,1100,1200,1250,1300,クリティカル発生率ダウン(3T),20,25,30,35,40,自身にスタン付与(2T)【デメリット】,,2,1300,,,,,,,,,,,
84,破壊神の手翳パーシュパタ,A+,対人宝具,B,敵全体に強力な攻撃,400,500,550,575,600,敵全体の防御力ダウン（3ターン）,20,25,30,35,40,中確率で即死[発動率]&さらに〔神性〕特性の相手に対して確率で即死[発動率],50&80,2,500,,,,,,,,,,,
85,日輪よ、死に随えヴァサヴィ・シャクティ,EX,対神宝具,B,敵全体に強力な攻撃,400,500,550,575,600,〔神性〕特性,150,162.5,175,187.5,200,バスターカード耐性ダウン(3T),20,2,500,,,,,,,,,,,
86,無銘勝利剣ひみつかりばー,EX,対人宝具,Q,敵単体に超強力な攻撃,1600,2000,2200,2300,2400,〔アルトリア顔〕特攻,150,162.5,175,187.5,200,,,1,2000,,,,,,,,,,,
87,無敗の紫靫草マク・ア・ルイン,A+,対軍宝具,A,敵全体に強力な攻撃,600,750,825,863,900,攻撃力ダウン(3T),10,15,20,25,30,自身に精神異常無効を付与(3T),,2,900,,,,,,,,,,,
88,死がふたりを分断つまでブリュンヒルデ・ロマンシア,B+,対人宝具,B,敵単体に超強力な攻撃,800,1000,1100,1150,1200,[愛する者]特攻,150,162.5,175,187.5,200,味方全体のスター発生率アップ(3T),50,1,1000,,,,,,,,,,,
89,源流闘争グレンデル・バスター,A+,対人宝具,B,敵単体に超強力な攻撃,700,900,1000,1050,1100,クリティカル発生率をダウン（3T）,30,40,45,47.5,50,自身に必中状態を付与(1T),,1,1100,,,,,,,,,,,
90,星馳せる終幕の薔薇ファクス・カエレスティス,B++,対人宝具,A,敵単体に超強力な攻撃,1200,1500,1650,1725,1800,やけど状態を付与(5T)&防御ダウン・クリティカル発生率ダウン(5T),1000&20,1250&25,1500&30,1750&35,2000&40,,,1,1500,,,,,,,,,,,
91,無垢識・空の境界むくしき・からのきょうかい,EX,対人宝具,A,敵全体に強力な防御力無視攻撃,450,600,675,712.5,750,確率で即死,60,70,80,90,100,味方全体の弱体解除,,2,600,,,,,,,,,,,
92,唯識・直死の魔眼ゆいしき・ちょくしのまがん,EX,対人宝具,A,敵単体に超強力な防御力無視攻撃,900,1200,1350,1425,1500,確率で即死,100,110,120,130,140,,,1,1500,,,,,,,,,,,
93,双腕・零次集束ツインアーム・ビッグクランチ,EX,対軍宝具,B,敵全体に強力な攻撃,400,500,550,575,600,クリティカル発生率をダウン(3T),30,40,50,60,70,敵全体の強化状態を解除,,2,500,,,,,,,,,,,
94,この世ならざる幻馬ヒポグリフ,B++,対軍宝具,Q,敵全体に強力な防御力無視攻撃,800,1000,1100,1150,1200,スター獲得,10,15,20,25,30,自身に回避状態を付与(3回),,2,1200,,,,,,,,,,,
95,王の財宝ゲート・オブ・バビロン,B++,対人宝具,B,敵全体に強力な攻撃,400,500,550,575,600,宝具威力ダウン(1T)&クリティカル威力ダウン(1T)&弱体耐性ダウン(1T),50&50&20,60&60&25,70&70&30,80&80&35,90&90&40,,,2,600,,,,,,,,,,,
96,虎よ、煌々と燃え盛れアンフェル・シャトー・ディフ,A,対軍宝具,Q,敵全体に強力な攻撃,600,800,900,950,1000,防御ダウン（3T）&呪い付与（5T）,20&500,25&750,30&1000,35&1250,40&1500,,,2,800,,,,,,,,,,,
97,我はすべて毒あるもの、害あるものを絶つナイチンゲール・プレッジ,C+,対軍宝具,A,味方全体のHPを回復,3000,4000,4500,4750,5000,敵全体の宝具威力ダウン（1T）,50,62.5,75,87.5,100,味方全体の弱体解除&攻撃力を大ダウン,50,0,0,,,,,,,,,,,
98,噛み砕く死牙の獣クリード・コインヘン,A,対人宝具,B,敵単体に超強力な攻撃,600,800,900,950,1000,自身の攻撃力・防御力アップ（1T）,30,40,50,60,70,,,1,800,,,,,,,,,,,
99,愛しき私の鉄戦車チャリオット・マイ・ラブ,B+,対軍宝具,B,敵単体に超強力な攻撃,800,1000,1100,1150,1200,男性〕特攻&精神弱体耐性ダウン(3T),150&10,162.5&20,175&30,187.5&40,200&50,,,1,1000,,,,,,,,,,,
100,金星神・火炎天主サナト・クマラ,A+,対軍宝具,A,敵全体に強力な攻撃,600,750,825,862.5,900,防御力・クリティカル発生率ダウン（3T）&弱体耐性ダウン（3T）,10,20,30,40,50,,,2,900,,,,,,,,,,,
101,羅刹を穿つ不滅ブラフマーストラ,A+,対魔宝具,B,敵単体に超強力な攻撃,600,800,900,950,1000,〔魔性〕特攻,150,162.5,175,187.5,200,,,1,1000,,,,,,,,,,,
102,神槍无二打しんそうにのうちいらず,－,対人宝具,A,敵単体に超強力な防御力無視攻撃,900,1200,1350,1425,1500,確率で即死[発動率],40,50,60,70,80,防御力ダウン（3T）,20,1,1500,,,,,,,,,,,
103,Ｗ・Ｆ・Ｄワールド・フェイス・ドミネーション,EX,対民宝具,A,敵全体に強力な攻撃,600,750,825,862.5,900,クリティカル発生ダウン(3T)&攻撃力ダウン(3T),10&10,20&20,30&30,40&40,50&50,宝具封印(1T)付与&スキル封印(1T)付与,,2,900,,,,,,,,,,,
104,大地を創りし者ツァゴ・デジ・ナレヤ,B+,対軍宝具,A,敵全体に強力な攻撃,600,750,825,862.5,900,味方全体のHPを回復&弱体耐性アップ(3T),1000&20,1250&30,1500&40,1750&50,2000&60,敵全体のクリティカル発生率ダウン(3T),20,2,900,,,,,,,,,,,
105,壊音の霹靂サンダラー,C+++,対人宝具,Q,敵単体に超強力な攻撃,1600,2000,2200,2300,2400,クリティカル発生率ダウン（3T）,20,30,40,50,60,自身に必中付与（1T）,,1,2400,,,,,,,,,,,
106,吼え立てよ、我が憤怒ラ・グロンドメント・デュ・ヘイン,A+,対軍宝具,B,敵単体に超強力な攻撃,600,800,900,950,1000,呪い付与(5T),500,1000,1500,2000,2500,強化無効状態を付与（1回）,,1,800,,,,,,,,,,,
107,偽り写し記す万象ヴェルグ・アヴェスター,C-,対人宝具,A,ターン終了時に、自身がそのターン中に受けたダメージを倍化して返す,,,,,,HPを回復,1000,2000,3000,4000,5000,自身に待機状態を付与（1T）【デメリット】,,2,0,,,,,,,,,,,
108,王の軍勢アイオニオン・ヘタイロイ,EX,対軍宝具,B,敵全体に強力な攻撃,400,500,550,575,600,防御力をダウン（3T）&クリティカル発生率ダウン（3T）,10&10,15&20,20&30,25&40,30&50,,,2,500,,,,,,,,,,,
109,時のある間に薔薇を摘めクロノス・ローズ,B+,対人宝具,A,敵単体に超強力な防御力無視攻撃,1200,1500,1650,1725,1800,クリティカル発生率をダウン(3T),10,20,30,40,50,チャージ減少[発動率],100,1,1800,,,,,,,,,,,
110,妄想幻像ザバーニーヤ,B++,対人宝具,A,敵単体に超強力な攻撃,1200,1500,1650,1725,1800,クリティカル発生率をダウン(3T),50,62.5,75,87.5,100,アーツカード耐性をダウン(3T),20,1,1800,,,,,,,,,,,
111,白き聖杯よ、謳えソング・オブ・グレイル,B,魔術宝具,A,味方全体のHPを回復,2000,2500,2750,2875,3000,ガッツ状態を付与(3T)[ガッツ回復量],1000,1500,2000,2500,3000,,,0,0,,,,,,,,,,,
112,千紫万紅・神便鬼毒せんしばんこう・しんぺんきどく,B,対軍宝具,A,敵全体に強力な攻撃,450,600,675,712,750,毒状態を付与(5ターン),1000,2000,3000,4000,5000,"弱体耐性を小ダウン(3T)
弱体耐性を小ダウン(3T)
弱体耐性・防御力・攻撃力・宝具威力・クリティカル発生率を小ダウン(3T)&スキル封印状態を付与(1T)",10,2,600,,,,,,,,,,,
113,五行山・釈迦如来掌ごぎょうさん・しゃかにょらいしょう,B+,対軍/対城宝具,B,敵単体に超強力な防御力無視攻撃,800,1000,1100,1150,1200,クリティカル発生率を大ダウン,80,90,100,110,120,,,1,1000,,,,,,,,,,,
114,牛王招雷・天網恢々ごおうしょうらい・てんもうかいかい,B++,対軍宝具,B,敵全体に強力な攻撃,300,400,450,475,500,自身のスター発生率をアップ(1T),100,150,200,250,300,,,2,400,,,,,,,,,,,
115,夜狼死九・黄金疾走ゴールデンドライブ・グッドナイト,B,対軍宝具,Q,敵単体に超強力な攻撃,1200,1600,1800,1900,2000,自身のクイックカード性能をアップ(1T),10,30,50,70,90,,,1,2000,,,,,,,,,,,
116,羅生門大怨起らしょうもんだいえんぎ,B,対軍宝具,B,敵単体に超強力な攻撃,600,800,900,950,1000,防御力をダウン（3T）,10,15,20,25,30,強化状態を解除,,1,1000,,,,,,,,,,,
117,不滅の混沌旅団イモータル・カオス・ブリゲイド,B+,対軍宝具,Q,敵全体に強力な攻撃,800,1000,1100,1150,1200,混乱状態を付与（5T）,30,40,50,60,70,防御力をダウン（3T）,20,2,1200,,,,,,,,,,,
118,光輝の大複合神殿ラムセウム・テンティリス,EX,対城宝具,B,敵単体に超強力な攻撃,600,800,900,950,1000,防御力をダウン(3T),20,30,40,50,60,宝具封印状態を付与(1T),,1,800,,,,,,,,,,,
119,最果てにて輝ける槍ロンゴミニアド,A++,対城宝具,B,敵全体に強力な攻撃,300,400,450,475,500,自身のNPをリチャージ,20,30,40,50,60,自身に無敵貫通状態を付与(1T),,2,400,,,,,,,,,,,
120,冥鏡宝典アンプゥ・ネブ・タ・ジェセル,B++,対軍宝具,A,敵全体に強力な攻撃,600,750,825,862.5,900,確率で即死[発動率],50,62.5,75,87.5,100,クリティカル発生率ダウン(3T),20,2,900,,,,,,,,,,,
121,縛鎖全断・過重湖光アロンダイト・オーバーロード,A,対軍宝具,A,敵単体に超強力な攻撃,900,1200,1350,1425,1500,被ダメージが増える状態を付与(5T),1000,1500,2000,2500,3000,自身のアーツカード性能をアップ(1T),30,1,1500,,,,,,,,,,,
122,痛哭の幻奏フェイルノート,A+,対軍宝具,Q,敵単体に超強力な防御力無視攻撃,1600,2000,2200,2300,2400,弱体耐性をダウン(3T),30,40,50,60,70,自身に必中状態を付与(1T),,1,2400,,,,,,,,,,,
123,転輪する勝利の剣エクスカリバー・ガラティーン,A+,対軍宝具,B,敵全体に強力な攻撃,300,400,450,475,500,やけど状態を付与(5T),1000,2000,3000,4000,5000,スキル封印状態を付与(1T),,2,500,,,,,,,,,,,
124,妄想毒身ザバーニーヤ,C+,対人宝具,A,敵単体に超強力な攻撃,1200,1500,1650,1725,1800,確率で即死[発動率],60,70,80,90,100,毒状態を付与(5T)&確率でスキル封印状態・宝具封印状態を付与(1T),2000&40,1,1800,,,,,,,,,,,
125,八幡祈願・大妖射貫なむはちまんだいぼさつ・このやにかごを,B+,対人宝具,B,敵全体に強力な攻撃,400,500,550,575,600,自身に〔魔性〕特攻状態を付与(1T),50,62.5,75,87.5,100,,,2,600,,,,,,,,,,,
126,剣を摂れ、銀色の腕スイッチオン・アガートラム,C+,対人宝具,B,敵単体に超強力な攻撃,800,1000,1100,1150,1200,自身のバスターカード性能をアップ(1T),30,45,60,75,90,,,1,1200,,,,,,,,,,,
127,万能の人ウォモ・ウニヴェルサーレ,EX,対人/対軍宝具,A,敵全体に強力な防御力無視攻撃,450,600,675,712.5,750,自身に宝具威力アップ状態を付与,30,40,50,60,70,クリティカル発生率ダウン（3T）,10,2,600,,,,,,,,,,,
128,常夏日光・日除傘寵愛一神とこなつにっこう・ひよけがさちょうあいいっしん,C,対人宝具,B,敵単体に超強力な攻撃,600,800,900,950,1000,〔男性〕特攻,150,162.5,175,187.5,200,,,1,800,,,,,,,,,,,
129,陽光煌めく勝利の剣エクスカリバー・ヴィヴィアン,A,対人宝具,A,敵単体に超強力な攻撃,900,1200,1350,1425,1500,自身のNPをリチャージ,20,25,30,35,40,確率でチャージを減らす[発動率],70,1,1200,,,,,,,,,,,
130,愛すべき輝きは永遠にクリスタル・ドレス,A,対民/対軍宝具,A,敵全体に強力な攻撃,450,600,675,712.5,750,味方全体のクリティカル威力をアップ(3T),20,25,30,35,40,クリティカル発生率をダウン(3T),20,2,750,,,,,,,,,,,
131,比翼にして連理カリビアン・フリーバード・アクト２,C++,対人宝具,B,敵単体に超強力な攻撃,600,800,900,950,1000,防御力ダウン（3T）,10,15,20,25,30,HP残量に応じて追加ダメージ,{追加ダメージ倍率*（1-HP/MAXHP)},1,1000,,,,,,,,,,,
132,逆巻く波濤を制する王様気分！プリドゥエン・チューブライディング,A,対波宝具,A,敵全体に強力な攻撃,450,600,675,712.5,750,確率でチャージを減らす[発動率],50,60,70,80,90,,,2,750,,,,,,,,,,,
133,蹴り穿つ死翔の槍ゲイ・ボルク・オルタナティブ,B+,対人/対軍宝具,Q,敵全体に強力な攻撃,600,800,900,950,1000,低確率で即死[発動率],30,40,50,60,70,,,2,1000,,,,,,,,,,,
134,道成寺鐘百八式火竜薙どうじょうじかねひゃくはちしきかりゅうなぎ,A,対人宝具,B,敵単体に超強力な攻撃,600,800,900,950,1000,やけど状態を付与（5T）,500,1000,1500,2000,2500,スキル封印状態を付与（1T）,150,1,1000,,,,,,,,,,,
135,荒れ狂う哀しき竜よタラスク,A,対人/対竜宝具,B,敵単体に超強力な攻撃,600,800,900,950,1000,敵単体の防御力をダウン(1T・弱体耐性無視),10,20,30,40,50,,,1,1000,,,,,,,,,,,
136,多元重奏飽和砲撃クウィンテットフォイア,EX,対人宝具,B,敵単体に超強力な攻撃,800,1000,1100,1150,1200,自身のバスターカード性能をアップ(1T),20,40,60,80,100,自身の攻撃と防御ダウン(3T)【デメリット】&NP獲得量アップ(3T)&スター発生率アップ(3T),10&20&20,1,1000,,,,,,,,,,,
137,鶴翼三連かくよくさんれん,C,対人宝具,A,敵単体に超強力な攻撃,900,1200,1350,1425,1500,クリティカル発生率をダウン(3T),20,30,40,50,60,自身に必中状態を付与(1T),,1,1500,,,,,,,,,,,
138,鮮血竜巻魔嬢バートリ・ブレイブ・エルジェーベト,B,対人宝具,B,敵単体に超強力な攻撃,600,800,900,950,1000,やけど状態を付与(5T),500,1000,1500,2000,2500,,,1,1000,,,,,,,,,,,
139,暁の時を終える蛇よ、此処にウラエウス・アストラペ,A,対軍宝具,B,敵全体に強力な攻撃,300,400,450,475,500,自身のバスターカード性能をアップ（1T）,30,40,50,60,70,HPを減らす【デメリット】,1000,2,400,,,,,,,,,,,
140,串刺城塞カズィクル・ベイ,C,対軍宝具,B,敵単体に超強力な攻撃,600,800,900,950,1000,〔悪〕特攻,150,162.5,175,187.5,200,自身に無敵貫通状態を付与(1T),,1,1000,,,,,,,,,,,
141,優雅に歌え、かの聖誕をラ・グラスフィーユ・ノエル,A+,対軍宝具,B,敵全体に強力な攻撃,300,400,450,475,500,味方全体の攻撃力をアップ（1T）&HP回復量をアップ,10&20,15&30,20&40,25&50,30&60,敵単体の弱体耐性をダウン(1T),10,2,500,,,,,,,,,,,
142,山脈震撼す明星の薪アンガルタ・キガルシュ,A++,対山宝具,B,敵全体に強力な攻撃,300,400,450,475,500,自身のBusterカード性能をアップ(1T),20,30,40,50,60,,,2,400,,,,,,,,,,,
143,人よ、神を繋ぎとめようエヌマ・エリシュ,A++,対粛清宝具,B,敵単体に超強力な攻撃,600,800,900,950,1000,敵単体の防御力ダウン（3T）,20,25,30,35,40,〔神性〕特性を持つ場合スタン状態を付与（1T）,,1,800,,,,,,,,,,,
144,炎、神をも灼き尽くせシウ・コアトル,A,対人/対城宝具,B,敵単体に超強力な攻撃,600,800,900,950,1000,やけど状態を付与（5T）,1000,1500,2000,2500,3000,宝具封印状態を付与（1T）,,1,800,,,,,,,,,,,
145,王の号砲メラム・ディンギル,B,対軍/対城宝具,A,敵全体に強力な攻撃,450,600,675,713,750,敵全体の防御力ダウン（3ターン）,20,25,30,35,40,味方全体の防御力をアップ(3T),20,2,750,,,,,,,,,,,
146,女神の抱擁カレス・オブ・ザ・メドゥーサ,B+,対人宝具,Q,敵単体に超強力な攻撃,1600,2000,2200,2300,2400,確率でスタン付与(1T)[発動率],80,100,120,140,160,クイックカード耐性ダウン(3T),20,1,2400,,,,,,,,,,,
147,強制封印・万魔神殿パンデモニウム・ケトゥス,A+,対軍宝具,B,敵全体に強力な攻撃,400,500,550,575,600,呪い状態を付与,1000,1500,2000,2500,3000,味方全体のNPを増やす,15,2,600,,,,,,,,,,,
148,逃れ得ぬ死の鉤爪グレート・デス・クロー,B,対人宝具,B,敵単体に超強力な攻撃,600,800,900,950,1000,弱体耐性ダウン(3T),10,20,30,40,50,自身に必中状態を付与(1T),,1,1000,,,,,,,,,,,
150,永久に閉ざされた理想郷ガーデン・オブ・アヴァロン,C,対人宝具,A,味方全体に毎ターンHP回復状態を付与(5T),1000,1500,1750,1875,2000,自身に毎ターンスター獲得状態を付与(5T),5,10,15,20,25,味方全体に毎ターンNP獲得状態を付与(5T),5,0,0,,,,,,,,,,,
153,六道五輪・倶利伽羅天象りくどうごりん・くりからてんしょう,A,対人宝具,B,敵単体に超強力な攻撃,600,800,900,950,1000,自身の宝具威力をアップ(1T),20,30,40,50,60,敵単体の強化状態を解除,,1,800,,,,,,,,,,,
154,死告天使アズライール,C,対人宝具,B,敵単体に超強力な攻撃,600,800,900,950,1000,高確率で即死効果[発動率],100,125,150,175,200,,,1,800,,,,,,,,,,,
155,黒竜双剋勝利剣クロス・カリバー,A+,対人宝具,Q,敵単体に超強力な攻撃,1200,1600,1800,1900,2000,〔セイバークラスのサーヴァント〕特攻,150,162.5,175,187.5,200,,,1,1600,,,,,,,,,,,
156,終局的犯罪ザ・ダイナミクス・オブ・アン・アステロイド,A+,対軍宝具,B,敵単体に超強力な攻撃,600,800,900,950,1000,敵単体の防御力をダウン(3T),20,25,30,35,40,,,1,800,,,,,,,,,,,
157,無限の剣製アンリミテッド・ロストワークス,E～A,対人宝具,A,敵単体に超強力な防御力無視攻撃,900,1200,1350,1425,1500,確率でチャージを減らす[発動率],60,70,80,90,100,,,1,1500,,,,,,,,,,,
158,遥かなる者への斬罪フリーレン・シャルフリヒター,C,対人宝具,Q,敵単体に超強力な攻撃,1200,1600,1800,1900,2000,中確率で即死[発動率],60,70,80,90,100,自身に必中状態を付与(1T),,1,2000,,,,,,,,,,,
159,十面埋伏・無影の如くじゅうめんまいふく・むえいのごとく,A,対人宝具,Q,敵単体に超強力な攻撃,1200,1600,1800,1900,2000,クリティカル威力ダウン(3T),20,25,30,35,40,,,1,2000,,,,,,,,,,,
160,約束された勝利の剣エクスカリバー,EX,？？？,B,敵全体に強力な攻撃,300,400,450,475,500,自身の宝具威力をアップ(1T),10,20,30,40,50,,,2,400,,,,,,,,,,,
161,不滅の誠しんせんぐみ,C+,対人宝具,B,敵単体に超強力な攻撃,600,800,900,950,1000,HP残量に応じて威力UP(倍率*（1-HP/MAXHP)),600,700,800,900,1000,,,1,800,,,,,,,,,,,
162,絢爛魔界日輪城けんらんまかいにちりんじょう,C,城塞宝具,B,敵全体に強力な攻撃,300,400,450,475,500,やけど状態を付与(5T),500,1000,1500,2000,2500,クリティカル発生率をダウン(3T),20,2,500,,,,,,,,,,,
163,弁財天五弦琵琶サラスヴァティー・メルトアウト,EX,対人宝具,Q,敵単体に超強力な攻撃,1200,1600,1800,1900,2000,自身のQuickカード性能をアップ(3T),10,15,20,25,30,敵単体の強化状態を解除,,1,1600,,,,,,,,,,,
164,死が二人を別離つともブリュンヒルデ・ロマンシア,C,対人宝具,B,敵全体に強力な攻撃,300,400,450,475,500,味方全体のHPを回復,2000,2500,3000,3500,4000,,,2,500,,,,,,,,,,,
165,天鬼雨てんきあめ,B+,対軍宝具,B,敵全体に強力な攻撃,300,400,450,475,500,自身のクリティカル威力をアップ(3T),40,50,60,70,80,,,2,500,,,,,,,,,,,
166,Ｃ.Ｃ.Ｃ.カースド・キューピッド・クレンザー,A,対人宝具,A,敵単体に超強力な攻撃,900,1200,1350,1425,1500,弱体耐性をダウン(3T),10,20,30,40,50,味方全体のNPを増やす,20,1,1500,,,,,,,,,,,
167,快楽天・胎蔵曼荼羅アミダアミデュラ・ヘブンズホール,EX,対人宝具,A,敵全体に強力な防御力無視攻撃,450,600,675,713,750,自身のHPを回復,2000,3000,4000,5000,6000,自身に無敵貫通状態を付与(1T),,2,600,,,,,,,,,,,
169,千夜一夜物語アルフ・ライラ・ワ・ライラ,EX,対王宝具,A,敵全体に強力な攻撃,450,600,675,713,750,〔王〕特攻,200,225,250,275,300,自身の宝具威力をアップ(1T),20,2,60,,,,,,,,,,,
170,告密羅織経こくみつらしょくけい,B,対人宝具,Q,敵単体に超強力な攻撃,1200,1600,1800,1900,2000,自身のクリティカル威力をアップ(3T),50,62.5,75,87.5,100,毒状態を付与(3T),1000,1,2000,,,,,,,,,,,
171,我が瞋恚にて果てよ英雄アウトレイジ・アマゾーン,B,対人宝具,B,敵単体に超強力な攻撃,600,800,900,950,1000,攻撃力をダウン(3T),10,15,20,25,30,,,1,1000,,,,,,,,,,,
172,新天地探索航サンタマリア・ドロップアンカー,A,対軍宝具,B,敵全体に強力な攻撃,300,400,450,475,500,クリティカル発生率をダウン(3T),20,30,40,50,60,,,2,500,,,,,,,,,,,
173,初歩的なことだ、友よエレメンタリー・マイ・ディア,B,対人宝具/対界宝具,A,敵全体の防御力をダウン(3T),30,40,45,47.5,50,味方全体のクリティカル威力をアップ(3T),50,62.5,75,87.5,100,味方全体に無敵貫通状態を付与(3T)&防御力無視状態を付与(3T),,0,0,,,,,,,,,,,
174,驚くべき偉業マーベラス・エクスプロイツ,A,対軍宝具,B,敵全体に強力な攻撃,300,400,450,475,500,防御力をダウン(5T),10,15,20,25,30,,,2,500,,,,,,,,,,,
175,誉れ歌う黄金劇場ラウダレントゥム・ドムス・イルステリアス,A,対軍宝具,B,敵全体に強力な攻撃,300,400,450,475,500,自身の宝具威力をアップ(1T),20,30,40,50,60,自身に無敵貫通状態を付与(1T),,2,400,,,,,,,,,,,
176,串刺の雷刃スキュアド・プラズマブレイド,D～B,対人宝具,Q,敵単体に超強力な攻撃,1200,1600,1800,1900,2000,スタン状態を付与(1T)[発動率],60,70,80,90,100,帯電状態<ターン終了時に1度だけ周囲に極低確率でスタン状態(1T)を付与する状態>を付与[確率]&[スタン発動率],500&20,1,2000,,,,,,,,,,,
177,穢れを漱げ、青く美しきナイルスネフェル・イオテル・ナイル,B,対軍宝具,A,敵全体に強力な攻撃,450,600,675,712.5,750,低確率で即死[発動率],30,40,50,60,70,防御力をダウン(3T),20,2,750,,,,,,,,,,,
178,第六天魔王波旬～夏盛～ノブナガ・ＴＨＥ・ロックンロール,E～EX,対神宝具,B,敵単体に超強力な攻撃,600,800,900,950,1000,〔神性〕特攻,150,162.5,175,187.5,200,,,1,1000,,,,,,,,,,,
179,不撓燃えたつ勝利の剣セクエンス・モルガン,C,対軍宝具,Q,敵単体に超強力な攻撃,1200,1600,1800,1900,2000,クリティカル発生率をダウン(3T),30,40,50,60,70,自身のNPを少しリチャージ,10,1,1600,,,,,,,,,,,
180,金星神・白銀円環サナト・クマラ・ホイール,B+,対軍宝具,A,敵全体に強力な攻撃,450,600,675,712.5,750,弱体耐性・防御力をダウン(3T),10,15,20,25,30,,,2,750,,,,,,,,,,,
181,釈提桓因・金剛杵しゃくだいかんいん・こんごうしょ,A+,対人宝具,B,敵単体に超強力な防御力無視攻撃,600,800,900,950,1000,スター獲得,20,25,30,35,40,,,1,1000,,,,,,,,,,,
182,神峰天廻る明星の虹アンガルタ・セブンカラーズ,EX,対人宝具,Q,敵全体に強力な攻撃,600,800,900,950,1000,自身のQuickカード性能をアップ(1T),20,30,40,50,60,,,2,1000,,,,,,,,,,,
183,恋見てせざるは愛無きなりトリシューラ・シャクティ,EX,対軍宝具,Q,敵全体に強力な攻撃,600,800,900,950,1000,味方全体のNPを増やす,10,15,20,25,30,敵全体に中確率で魅了状態を付与(1T),60,2,1000,,,,,,,,,,,
184,COLOR(#f3f3f3):真言・聖観世音菩薩オン・アロリキヤ・ソワカ,B,対人宝具,B,敵単体に超強力な攻撃,600,800,900,950,1000,延焼状態(やけどの効果アップ)を付与(5T),100,150,200,250,300,クリティカル発生率ダウン(3T)&やけど状態を付与(5T),20&1000,1,1000,,,,,,,,,,,
185,COLOR(#f3f3f3):口寄せ・伊吹大明神縁起くちよせ・いぶきだいみょうじんえんぎ,C,対人宝具,A,敵単体に超強力な攻撃,900,1200,1350,1425,1500,クリティカル発生率をダウン(3T),10,15,20,25,30,スキル封印状態を付与(1T),,1,1500,,,,,,,,,,,
186,朧裏月十一式おぼろうらづきじゅういちしき,C,対人宝具,A,自身の攻撃力アップ(3T),30,40,45,47.5,50,スター発生率を大アップ(3T),100,125,150,175,200,クリティカル威力を大アップ(3T)&即死無効状態を付与(1T)&回避状態を付与(1回),100&-&1回,0,0,,,,,,,,,,,
187,剣術無双・剣禅一如けんじゅつむそう・けんぜんいちにょ,A,対人奥義,A,敵単体に超強力な攻撃,900,1200,1350,1425,1500,攻撃力をダウン(3T),20,30,40,50,60,,,1,1500,,,,,,,,,,,
188,絡繰幻法・呑牛からくりげんぽう・どんぎゅう,C,対獣宝具,B,敵全体に強力な攻撃,300,400,450,475,500,〔魔性〕特攻,150,162.5,175,187.5,200,,,2,500,,,,,,,,,,,
189,白鷺城の百鬼八天堂様はくろじょうのひゃっきはちてんどうさま,A+,対城宝具（自身）,Q,味方全体の最大HPをアップ(3T),1000,1500,1750,1875,2000,クイックカード性能をアップ(3T),30,35,40,45,50,防御力をアップ(3T),20,0,0,,,,,,,,,,,
190,鋼鉄天空魔嬢ブレストゼロ・エリジェーベト,B,対軍個人宝具,B,敵単体に超強力な攻撃,600,800,900,950,1000,防御ダウン(3T),20,25,30,35,40,防御強化解除,,1,1000,,,,,,,,,,,
191,鋼鉄天空魔嬢ブレストゼロ・エリジェーベト,B,対軍個人宝具,B,敵単体に超強力な攻撃,600,800,900,950,1000,防御ダウン(3T),20,25,30,35,40,防御強化解除,,1,1000,,,,,,,,,,,
192,禁断なる狂宴メタボ・ピグレッツ,C,対人宝具,B,敵単体に超強力な攻撃,600,800,900,950,1000,クリティカル発生率をダウン(3T),10,20,30,40,50,豚化状態<特殊なスタン状態>を付与(1T),,1,1000,,,,,,,,,,,
193,地飛爽霊火尖槍ちひそうれいかせんそう,A,対軍宝具,B,敵全体に強力な攻撃,300,400,450,475,500,自身の宝具威力をアップ(1T),20,30,40,50,60,敵全体にやけど状態を付与(5T),1000,2,500,,,,,,,,,,,
194,三つの謎かけスリー・エニグマズ,B,対人宝具,A,敵単体に超強力な攻撃,900,1200,1350,1425,1500,攻撃力・防御力をダウン(3T)&HP回復量をダウン(3T),10&30,15&40,20&50,25&60,30&70,,,1,1500,,,,,,,,,,,
195,光殻湛えし虚樹クリフォー・ライゾォム,EX,対人宝具,B,敵単体に超強力な攻撃,600,800,900,950,1000,クリティカル発生率をダウン(1T),30,40,50,60,70,強化状態を解除,,1,800,,,,,,,,,,,
196,霊峰踏抱く冥府の鞴クル・キガル・イルカルラ,A,対山宝具,B,敵全体に強力な攻撃,300,400,450,475,500,自身のバスターカード性能をアップ(1T),10,20,30,40,50,〔冥界の護り〕状態の味方全体の攻撃力をアップ(3T),20,2,400,,,,,,,,,,,
197,聖夜の虹、軍神の剣キャンディスター・フォトン・レイ,EX,対界宝具,Q,敵単体に超強力な攻撃,1200,1600,1800,1900,2000,スター獲得,20,25,30,35,40,,,1,2000,,,,,,,,,,,
198,冨嶽三十六景ふがくさんじゅうろっけい,A,対軍宝具,A,敵全体に強力な攻撃,450,600,675,712.5,750,[人の力を持つ敵]特攻,150,162.5,175,187.5,200,,,2,600,,,,,,,,,,,
,,,,,,,,,,,,,,,,,,,,,,,,,,,,,,,
,,,,,,,,,,,,,,,,,,,,,,,,,,,,,,,
,,,,,,,,,,,,,,,,,,,,,,,,,,,,,,,